created_at,sender_id,recipient_id,message_content,analysis,message_length,bullying,concern,academic_constructive,hour,day_of_week,month,is_weekend,bullying_flag
2025-06-24 21:13:04.549000+00:00,student_18,tutor_5,Mensaje de ejemplo 0,"{'bullying': np.float64(0.9427832903751258), 'concern': np.float64(0.03921984878366147), 'academic_constructive': np.float64(0.4327992665118414), 'bullying_explanation': 'Bullying detectado', 'concern_explanation': 'Sin preocupaciones detectadas', 'academic_explanation': 'Conversación medianamente constructiva'}",20,0.9427832903751258,0.03921984878366147,0.4327992665118414,21,1,6,False,True
2025-06-22 05:37:08.934000+00:00,student_5,tutor_2,Mensaje de ejemplo 1,"{'bullying': np.float64(0.34710585372142855), 'concern': np.float64(0.7419503436181815), 'academic_constructive': np.float64(0.9493020908106564), 'bullying_explanation': 'Posible bullying detectado', 'concern_explanation': 'Preocupación detectada', 'academic_explanation': 'Conversación constructiva'}",20,0.34710585372142855,0.7419503436181815,0.9493020908106564,5,6,6,True,False
2025-06-26 02:45:37.808000+00:00,student_8,tutor_3,Mensaje de ejemplo 2,"{'bullying': np.float64(0.28264176807633423), 'concern': np.float64(0.654630392818995), 'academic_constructive': np.float64(0.6957003690659183), 'bullying_explanation': 'Sin bullying detectado', 'concern_explanation': 'Preocupación detectada', 'academic_explanation': 'Conversación constructiva'}",20,0.28264176807633423,0.654630392818995,0.6957003690659183,2,3,6,False,False
2025-06-26 05:30:27.748000+00:00,student_9,tutor_5,Mensaje de ejemplo 3,"{'bullying': np.float64(0.8003565542673449), 'concern': np.float64(0.322494316782425), 'academic_constructive': np.float64(0.8909024607646366), 'bullying_explanation': 'Bullying detectado', 'concern_explanation': 'Posible preocupación detectada', 'academic_explanation': 'Conversación constructiva'}",20,0.8003565542673449,0.322494316782425,0.8909024607646366,5,3,6,False,True
2025-06-25 21:34:29.515000+00:00,student_12,tutor_1,Mensaje de ejemplo 4,"{'bullying': np.float64(0.3500792824238784), 'concern': np.float64(0.8968658645104199), 'academic_constructive': np.float64(0.9581283742124076), 'bullying_explanation': 'Posible bullying detectado', 'concern_explanation': 'Preocupación detectada', 'academic_explanation': 'Conversación constructiva'}",20,0.3500792824238784,0.8968658645104199,0.9581283742124076,21,2,6,False,False
2025-06-26 18:03:37.730000+00:00,student_11,tutor_1,Mensaje de ejemplo 5,"{'bullying': np.float64(0.334913306094775), 'concern': np.float64(0.4047559539532971), 'academic_constructive': np.float64(0.2472401827189552), 'bullying_explanation': 'Posible bullying detectado', 'concern_explanation': 'Posible preocupación detectada', 'academic_explanation': 'Conversación poco constructiva'}",20,0.334913306094775,0.4047559539532971,0.2472401827189552,18,3,6,False,False
2025-06-21 18:47:03.931000+00:00,student_4,tutor_5,Mensaje de ejemplo 6,"{'bullying': np.float64(0.7666299626626727), 'concern': np.float64(0.8084009357269211), 'academic_constructive': np.float64(0.2369519028277769), 'bullying_explanation': 'Bullying detectado', 'concern_explanation': 'Preocupación detectada', 'academic_explanation': 'Conversación poco constructiva'}",20,0.7666299626626727,0.8084009357269211,0.2369519028277769,18,5,6,True,True
2025-06-20 05:23:16.326000+00:00,student_14,tutor_3,Mensaje de ejemplo 7,"{'bullying': np.float64(0.9088870744692024), 'concern': np.float64(0.12091252261577301), 'academic_constructive': np.float64(0.012996157310852574), 'bullying_explanation': 'Bullying detectado', 'concern_explanation': 'Sin preocupaciones detectadas', 'academic_explanation': 'Conversación poco constructiva'}",20,0.9088870744692024,0.12091252261577301,0.012996157310852574,5,4,6,False,True
2025-06-26 06:19:50.963000+00:00,student_17,tutor_1,Mensaje de ejemplo 8,"{'bullying': np.float64(0.37719688631049886), 'concern': np.float64(0.6456803792924621), 'academic_constructive': np.float64(0.9236941704945473), 'bullying_explanation': 'Posible bullying detectado', 'concern_explanation': 'Preocupación detectada', 'academic_explanation': 'Conversación constructiva'}",20,0.37719688631049886,0.6456803792924621,0.9236941704945473,6,3,6,False,False
2025-06-20 05:10:20.638000+00:00,student_18,tutor_5,Mensaje de ejemplo 9,"{'bullying': np.float64(0.5099519345782433), 'concern': np.float64(0.6734733336379987), 'academic_constructive': np.float64(0.9042711922059072), 'bullying_explanation': 'Posible bullying detectado', 'concern_explanation': 'Preocupación detectada', 'academic_explanation': 'Conversación constructiva'}",20,0.5099519345782433,0.6734733336379987,0.9042711922059072,5,4,6,False,True
2025-06-24 11:00:30.189000+00:00,student_10,tutor_4,Mensaje de ejemplo 10,"{'bullying': np.float64(0.47821007036808294), 'concern': np.float64(0.8186174189674139), 'academic_constructive': np.float64(0.455727270106707), 'bullying_explanation': 'Posible bullying detectado', 'concern_explanation': 'Preocupación detectada', 'academic_explanation': 'Conversación medianamente constructiva'}",21,0.47821007036808294,0.8186174189674139,0.455727270106707,11,1,6,False,False
2025-06-25 07:03:57.733000+00:00,student_19,tutor_5,Mensaje de ejemplo 11,"{'bullying': np.float64(0.3996527931405076), 'concern': np.float64(0.9224930522086563), 'academic_constructive': np.float64(0.14200685066799257), 'bullying_explanation': 'Posible bullying detectado', 'concern_explanation': 'Preocupación detectada', 'academic_explanation': 'Conversación poco constructiva'}",21,0.3996527931405076,0.9224930522086563,0.14200685066799257,7,2,6,False,False
2025-06-24 15:41:54.816000+00:00,student_2,tutor_1,Mensaje de ejemplo 12,"{'bullying': np.float64(0.2701172778849331), 'concern': np.float64(0.372327793631709), 'academic_constructive': np.float64(0.1873518252675057), 'bullying_explanation': 'Sin bullying detectado', 'concern_explanation': 'Posible preocupación detectada', 'academic_explanation': 'Conversación poco constructiva'}",21,0.2701172778849331,0.372327793631709,0.1873518252675057,15,1,6,False,False
2025-06-24 23:59:50.497000+00:00,student_7,tutor_4,Mensaje de ejemplo 13,"{'bullying': np.float64(0.1386591852520518), 'concern': np.float64(0.7755214250353478), 'academic_constructive': np.float64(0.73684090180565), 'bullying_explanation': 'Sin bullying detectado', 'concern_explanation': 'Preocupación detectada', 'academic_explanation': 'Conversación constructiva'}",21,0.1386591852520518,0.7755214250353478,0.73684090180565,23,1,6,False,False
2025-06-24 17:09:02.635000+00:00,student_1,tutor_2,Mensaje de ejemplo 14,"{'bullying': np.float64(0.607898699964107), 'concern': np.float64(0.059317467623441034), 'academic_constructive': np.float64(0.5191063603114798), 'bullying_explanation': 'Bullying detectado', 'concern_explanation': 'Sin preocupaciones detectadas', 'academic_explanation': 'Conversación medianamente constructiva'}",21,0.607898699964107,0.059317467623441034,0.5191063603114798,17,1,6,False,True
2025-06-22 16:10:46.545000+00:00,student_5,tutor_1,Mensaje de ejemplo 15,"{'bullying': np.float64(0.13266344411191444), 'concern': np.float64(0.5357774778477395), 'academic_constructive': np.float64(0.0468356970396091), 'bullying_explanation': 'Sin bullying detectado', 'concern_explanation': 'Posible preocupación detectada', 'academic_explanation': 'Conversación poco constructiva'}",21,0.13266344411191444,0.5357774778477395,0.0468356970396091,16,6,6,True,False
2025-06-23 10:08:11.244000+00:00,student_7,tutor_1,Mensaje de ejemplo 16,"{'bullying': np.float64(0.8405387945347683), 'concern': np.float64(0.7308831619128892), 'academic_constructive': np.float64(0.9504429025477928), 'bullying_explanation': 'Bullying detectado', 'concern_explanation': 'Preocupación detectada', 'academic_explanation': 'Conversación constructiva'}",21,0.8405387945347683,0.7308831619128892,0.9504429025477928,10,0,6,False,True
2025-06-23 04:07:27.451000+00:00,student_15,tutor_3,Mensaje de ejemplo 17,"{'bullying': np.float64(0.682765732416432), 'concern': np.float64(0.02331883304127791), 'academic_constructive': np.float64(0.18039554683642534), 'bullying_explanation': 'Bullying detectado', 'concern_explanation': 'Sin preocupaciones detectadas', 'academic_explanation': 'Conversación poco constructiva'}",21,0.682765732416432,0.02331883304127791,0.18039554683642534,4,0,6,False,True
2025-06-22 22:46:30.317000+00:00,student_8,tutor_1,Mensaje de ejemplo 18,"{'bullying': np.float64(0.38574720987352284), 'concern': np.float64(0.7294597437064015), 'academic_constructive': np.float64(0.9835871979370723), 'bullying_explanation': 'Posible bullying detectado', 'concern_explanation': 'Preocupación detectada', 'academic_explanation': 'Conversación constructiva'}",21,0.38574720987352284,0.7294597437064015,0.9835871979370723,22,6,6,True,False
2025-06-23 12:29:53.247000+00:00,student_11,tutor_4,Mensaje de ejemplo 19,"{'bullying': np.float64(0.6940279916330752), 'concern': np.float64(0.014586699881417697), 'academic_constructive': np.float64(0.7381611556415344), 'bullying_explanation': 'Bullying detectado', 'concern_explanation': 'Sin preocupaciones detectadas', 'academic_explanation': 'Conversación constructiva'}",21,0.6940279916330752,0.014586699881417697,0.7381611556415344,12,0,6,False,True
2025-06-27 13:16:09.042000+00:00,student_11,tutor_1,Mensaje de ejemplo 20,"{'bullying': np.float64(0.8473498649803771), 'concern': np.float64(0.3354322297102552), 'academic_constructive': np.float64(0.6011034853217498), 'bullying_explanation': 'Bullying detectado', 'concern_explanation': 'Posible preocupación detectada', 'academic_explanation': 'Conversación constructiva'}",21,0.8473498649803771,0.3354322297102552,0.6011034853217498,13,4,6,False,True
2025-06-20 21:29:35.133000+00:00,student_19,tutor_4,Mensaje de ejemplo 21,"{'bullying': np.float64(0.2351337594779136), 'concern': np.float64(0.6132843150402852), 'academic_constructive': np.float64(0.686904649528271), 'bullying_explanation': 'Sin bullying detectado', 'concern_explanation': 'Preocupación detectada', 'academic_explanation': 'Conversación constructiva'}",21,0.2351337594779136,0.6132843150402852,0.686904649528271,21,4,6,False,False
2025-06-23 16:29:36.254000+00:00,student_11,tutor_5,Mensaje de ejemplo 22,"{'bullying': np.float64(0.8242525232462241), 'concern': np.float64(0.24499219053347432), 'academic_constructive': np.float64(0.6011544246394009), 'bullying_explanation': 'Bullying detectado', 'concern_explanation': 'Sin preocupaciones detectadas', 'academic_explanation': 'Conversación constructiva'}",21,0.8242525232462241,0.24499219053347432,0.6011544246394009,16,0,6,False,True
2025-06-23 08:12:55.401000+00:00,student_6,tutor_3,Mensaje de ejemplo 23,"{'bullying': np.float64(0.573591751904566), 'concern': np.float64(0.39936869871051084), 'academic_constructive': np.float64(0.7984192439081366), 'bullying_explanation': 'Posible bullying detectado', 'concern_explanation': 'Posible preocupación detectada', 'academic_explanation': 'Conversación constructiva'}",21,0.573591751904566,0.39936869871051084,0.7984192439081366,8,0,6,False,True
2025-06-21 22:23:41.874000+00:00,student_3,tutor_3,Mensaje de ejemplo 24,"{'bullying': np.float64(0.30832148801735415), 'concern': np.float64(0.9426210309496553), 'academic_constructive': np.float64(0.17901705536248347), 'bullying_explanation': 'Posible bullying detectado', 'concern_explanation': 'Preocupación detectada', 'academic_explanation': 'Conversación poco constructiva'}",21,0.30832148801735415,0.9426210309496553,0.17901705536248347,22,5,6,True,False
2025-06-26 15:09:59.969000+00:00,student_7,tutor_5,Mensaje de ejemplo 25,"{'bullying': np.float64(0.2663679851305818), 'concern': np.float64(0.24160302936737477), 'academic_constructive': np.float64(0.02749739067142054), 'bullying_explanation': 'Sin bullying detectado', 'concern_explanation': 'Sin preocupaciones detectadas', 'academic_explanation': 'Conversación poco constructiva'}",21,0.2663679851305818,0.24160302936737477,0.02749739067142054,15,3,6,False,False
2025-06-25 08:04:22.676000+00:00,student_16,tutor_5,Mensaje de ejemplo 26,"{'bullying': np.float64(0.8950150968523117), 'concern': np.float64(0.8913224969989544), 'academic_constructive': np.float64(0.12403175831106539), 'bullying_explanation': 'Bullying detectado', 'concern_explanation': 'Preocupación detectada', 'academic_explanation': 'Conversación poco constructiva'}",21,0.8950150968523117,0.8913224969989544,0.12403175831106539,8,2,6,False,True
2025-06-23 07:05:38.744000+00:00,student_18,tutor_3,Mensaje de ejemplo 27,"{'bullying': np.float64(0.40083153952791184), 'concern': np.float64(0.008032195903170392), 'academic_constructive': np.float64(0.23247155390328322), 'bullying_explanation': 'Posible bullying detectado', 'concern_explanation': 'Sin preocupaciones detectadas', 'academic_explanation': 'Conversación poco constructiva'}",21,0.40083153952791184,0.008032195903170392,0.23247155390328322,7,0,6,False,False
2025-06-25 06:51:29.348000+00:00,student_4,tutor_4,Mensaje de ejemplo 28,"{'bullying': np.float64(0.8913823472362775), 'concern': np.float64(0.14030202454912932), 'academic_constructive': np.float64(0.04651979700484299), 'bullying_explanation': 'Bullying detectado', 'concern_explanation': 'Sin preocupaciones detectadas', 'academic_explanation': 'Conversación poco constructiva'}",21,0.8913823472362775,0.14030202454912932,0.04651979700484299,6,2,6,False,True
2025-06-27 12:37:31.902000+00:00,student_9,tutor_5,Mensaje de ejemplo 29,"{'bullying': np.float64(0.16683632260912473), 'concern': np.float64(0.6821427994499236), 'academic_constructive': np.float64(0.668503208862143), 'bullying_explanation': 'Sin bullying detectado', 'concern_explanation': 'Preocupación detectada', 'academic_explanation': 'Conversación constructiva'}",21,0.16683632260912473,0.6821427994499236,0.668503208862143,12,4,6,False,False
2025-06-23 04:07:25.788000+00:00,student_10,tutor_1,Mensaje de ejemplo 30,"{'bullying': np.float64(0.7191922527722413), 'concern': np.float64(0.5335706701289107), 'academic_constructive': np.float64(0.09813765617216452), 'bullying_explanation': 'Bullying detectado', 'concern_explanation': 'Posible preocupación detectada', 'academic_explanation': 'Conversación poco constructiva'}",21,0.7191922527722413,0.5335706701289107,0.09813765617216452,4,0,6,False,True
2025-06-25 02:19:40.522000+00:00,student_12,tutor_2,Mensaje de ejemplo 31,"{'bullying': np.float64(0.7944063166572378), 'concern': np.float64(0.1589512672534351), 'academic_constructive': np.float64(0.5505072393847638), 'bullying_explanation': 'Bullying detectado', 'concern_explanation': 'Sin preocupaciones detectadas', 'academic_explanation': 'Conversación medianamente constructiva'}",21,0.7944063166572378,0.1589512672534351,0.5505072393847638,2,2,6,False,True
2025-06-24 02:18:37.134000+00:00,student_17,tutor_4,Mensaje de ejemplo 32,"{'bullying': np.float64(0.08674388541193667), 'concern': np.float64(0.7032246847668531), 'academic_constructive': np.float64(0.18492258930760685), 'bullying_explanation': 'Sin bullying detectado', 'concern_explanation': 'Preocupación detectada', 'academic_explanation': 'Conversación poco constructiva'}",21,0.08674388541193667,0.7032246847668531,0.18492258930760685,2,1,6,False,False
2025-06-23 08:54:59.396000+00:00,student_10,tutor_2,Mensaje de ejemplo 33,"{'bullying': np.float64(0.43151181143327744), 'concern': np.float64(0.08616730597412825), 'academic_constructive': np.float64(0.9424899853222867), 'bullying_explanation': 'Posible bullying detectado', 'concern_explanation': 'Sin preocupaciones detectadas', 'academic_explanation': 'Conversación constructiva'}",21,0.43151181143327744,0.08616730597412825,0.9424899853222867,8,0,6,False,False
2025-06-23 12:12:37.852000+00:00,student_19,tutor_4,Mensaje de ejemplo 34,"{'bullying': np.float64(0.045415705508065174), 'concern': np.float64(0.34987880787226533), 'academic_constructive': np.float64(0.739380020941727), 'bullying_explanation': 'Sin bullying detectado', 'concern_explanation': 'Posible preocupación detectada', 'academic_explanation': 'Conversación constructiva'}",21,0.045415705508065174,0.34987880787226533,0.739380020941727,12,0,6,False,False
2025-06-25 16:19:35.602000+00:00,student_7,tutor_2,Mensaje de ejemplo 35,"{'bullying': np.float64(0.2110023587754789), 'concern': np.float64(0.1826778750974405), 'academic_constructive': np.float64(0.5962700288604047), 'bullying_explanation': 'Sin bullying detectado', 'concern_explanation': 'Sin preocupaciones detectadas', 'academic_explanation': 'Conversación medianamente constructiva'}",21,0.2110023587754789,0.1826778750974405,0.5962700288604047,16,2,6,False,False
2025-06-25 06:01:01.950000+00:00,student_19,tutor_4,Mensaje de ejemplo 36,"{'bullying': np.float64(0.30032894583413816), 'concern': np.float64(0.6655054328602459), 'academic_constructive': np.float64(0.2646152746626681), 'bullying_explanation': 'Posible bullying detectado', 'concern_explanation': 'Preocupación detectada', 'academic_explanation': 'Conversación poco constructiva'}",21,0.30032894583413816,0.6655054328602459,0.2646152746626681,6,2,6,False,False
2025-06-27 12:46:20.334000+00:00,student_3,tutor_1,Mensaje de ejemplo 37,"{'bullying': np.float64(0.5272894260208238), 'concern': np.float64(0.4427551136340121), 'academic_constructive': np.float64(0.8038073312736274), 'bullying_explanation': 'Posible bullying detectado', 'concern_explanation': 'Posible preocupación detectada', 'academic_explanation': 'Conversación constructiva'}",21,0.5272894260208238,0.4427551136340121,0.8038073312736274,12,4,6,False,True
2025-06-20 00:10:31.652000+00:00,student_2,tutor_4,Mensaje de ejemplo 38,"{'bullying': np.float64(0.2941856665858822), 'concern': np.float64(0.83287145686668), 'academic_constructive': np.float64(0.5328907862216777), 'bullying_explanation': 'Sin bullying detectado', 'concern_explanation': 'Preocupación detectada', 'academic_explanation': 'Conversación medianamente constructiva'}",21,0.2941856665858822,0.83287145686668,0.5328907862216777,0,4,6,False,False
2025-06-23 10:34:17.353000+00:00,student_3,tutor_2,Mensaje de ejemplo 39,"{'bullying': np.float64(0.2648920682556889), 'concern': np.float64(0.6117055694046215), 'academic_constructive': np.float64(0.18696912064101479), 'bullying_explanation': 'Sin bullying detectado', 'concern_explanation': 'Preocupación detectada', 'academic_explanation': 'Conversación poco constructiva'}",21,0.2648920682556889,0.6117055694046215,0.18696912064101479,10,0,6,False,False
2025-06-23 17:02:40.453000+00:00,student_14,tutor_2,Mensaje de ejemplo 40,"{'bullying': np.float64(0.576441226573872), 'concern': np.float64(0.22650634393719515), 'academic_constructive': np.float64(0.05595583645766167), 'bullying_explanation': 'Posible bullying detectado', 'concern_explanation': 'Sin preocupaciones detectadas', 'academic_explanation': 'Conversación poco constructiva'}",21,0.576441226573872,0.22650634393719515,0.05595583645766167,17,0,6,False,True
2025-06-24 16:11:26.044000+00:00,student_18,tutor_5,Mensaje de ejemplo 41,"{'bullying': np.float64(0.6401491412216138), 'concern': np.float64(0.26084955260806375), 'academic_constructive': np.float64(0.14485309668696766), 'bullying_explanation': 'Bullying detectado', 'concern_explanation': 'Sin preocupaciones detectadas', 'academic_explanation': 'Conversación poco constructiva'}",21,0.6401491412216138,0.26084955260806375,0.14485309668696766,16,1,6,False,True
2025-06-26 08:45:52.574000+00:00,student_6,tutor_2,Mensaje de ejemplo 42,"{'bullying': np.float64(0.637351930437546), 'concern': np.float64(0.8903181118052154), 'academic_constructive': np.float64(0.3949875297851375), 'bullying_explanation': 'Bullying detectado', 'concern_explanation': 'Preocupación detectada', 'academic_explanation': 'Conversación medianamente constructiva'}",21,0.637351930437546,0.8903181118052154,0.3949875297851375,8,3,6,False,True
2025-06-23 05:18:06.427000+00:00,student_12,tutor_5,Mensaje de ejemplo 43,"{'bullying': np.float64(0.910356014784457), 'concern': np.float64(0.9595133062892989), 'academic_constructive': np.float64(0.424918523534601), 'bullying_explanation': 'Bullying detectado', 'concern_explanation': 'Preocupación detectada', 'academic_explanation': 'Conversación medianamente constructiva'}",21,0.910356014784457,0.9595133062892989,0.424918523534601,5,0,6,False,True
2025-06-24 14:59:14.121000+00:00,student_2,tutor_3,Mensaje de ejemplo 44,"{'bullying': np.float64(0.5283529559724445), 'concern': np.float64(0.2349720276073457), 'academic_constructive': np.float64(0.37810286285741634), 'bullying_explanation': 'Posible bullying detectado', 'concern_explanation': 'Sin preocupaciones detectadas', 'academic_explanation': 'Conversación medianamente constructiva'}",21,0.5283529559724445,0.2349720276073457,0.37810286285741634,14,1,6,False,True
2025-06-25 10:00:59.878000+00:00,student_1,tutor_4,Mensaje de ejemplo 45,"{'bullying': np.float64(0.31288215749681747), 'concern': np.float64(0.4522934696080505), 'academic_constructive': np.float64(0.943109289649646), 'bullying_explanation': 'Posible bullying detectado', 'concern_explanation': 'Posible preocupación detectada', 'academic_explanation': 'Conversación constructiva'}",21,0.31288215749681747,0.4522934696080505,0.943109289649646,10,2,6,False,False
2025-06-25 01:06:07.775000+00:00,student_20,tutor_4,Mensaje de ejemplo 46,"{'bullying': np.float64(0.3963406217529938), 'concern': np.float64(0.0752140877927917), 'academic_constructive': np.float64(0.08007330332563589), 'bullying_explanation': 'Posible bullying detectado', 'concern_explanation': 'Sin preocupaciones detectadas', 'academic_explanation': 'Conversación poco constructiva'}",21,0.3963406217529938,0.0752140877927917,0.08007330332563589,1,2,6,False,False
2025-06-23 03:32:43.471000+00:00,student_11,tutor_5,Mensaje de ejemplo 47,"{'bullying': np.float64(0.2801851465111438), 'concern': np.float64(0.6959813046494113), 'academic_constructive': np.float64(0.23101176595809492), 'bullying_explanation': 'Sin bullying detectado', 'concern_explanation': 'Preocupación detectada', 'academic_explanation': 'Conversación poco constructiva'}",21,0.2801851465111438,0.6959813046494113,0.23101176595809492,3,0,6,False,False
2025-06-24 11:33:10.529000+00:00,student_17,tutor_1,Mensaje de ejemplo 48,"{'bullying': np.float64(0.18292533499898356), 'concern': np.float64(0.32077169284596485), 'academic_constructive': np.float64(0.2945126616817376), 'bullying_explanation': 'Sin bullying detectado', 'concern_explanation': 'Posible preocupación detectada', 'academic_explanation': 'Conversación poco constructiva'}",21,0.18292533499898356,0.32077169284596485,0.2945126616817376,11,1,6,False,False
2025-06-21 19:35:05.507000+00:00,student_16,tutor_4,Mensaje de ejemplo 49,"{'bullying': np.float64(0.6521354115966407), 'concern': np.float64(0.8468260261678754), 'academic_constructive': np.float64(0.6361711408823422), 'bullying_explanation': 'Bullying detectado', 'concern_explanation': 'Preocupación detectada', 'academic_explanation': 'Conversación constructiva'}",21,0.6521354115966407,0.8468260261678754,0.6361711408823422,19,5,6,True,True
2025-06-22 16:47:19.528000+00:00,student_4,tutor_1,Mensaje de ejemplo 50,"{'bullying': np.float64(0.36854245649221384), 'concern': np.float64(0.187290525110122), 'academic_constructive': np.float64(0.5872154497038808), 'bullying_explanation': 'Posible bullying detectado', 'concern_explanation': 'Sin preocupaciones detectadas', 'academic_explanation': 'Conversación medianamente constructiva'}",21,0.36854245649221384,0.187290525110122,0.5872154497038808,16,6,6,True,False
2025-06-21 23:42:29.155000+00:00,student_6,tutor_5,Mensaje de ejemplo 51,"{'bullying': np.float64(0.873639592430084), 'concern': np.float64(0.19568666428649184), 'academic_constructive': np.float64(0.6818604605234171), 'bullying_explanation': 'Bullying detectado', 'concern_explanation': 'Sin preocupaciones detectadas', 'academic_explanation': 'Conversación constructiva'}",21,0.873639592430084,0.19568666428649184,0.6818604605234171,23,5,6,True,True
2025-06-20 18:15:38.320000+00:00,student_17,tutor_1,Mensaje de ejemplo 52,"{'bullying': np.float64(0.9412000789127904), 'concern': np.float64(0.057659461452900906), 'academic_constructive': np.float64(0.4692226614409801), 'bullying_explanation': 'Bullying detectado', 'concern_explanation': 'Sin preocupaciones detectadas', 'academic_explanation': 'Conversación medianamente constructiva'}",21,0.9412000789127904,0.057659461452900906,0.4692226614409801,18,4,6,False,True
2025-06-26 14:46:04.406000+00:00,student_3,tutor_1,Mensaje de ejemplo 53,"{'bullying': np.float64(0.4639154336482274), 'concern': np.float64(0.8631417672755606), 'academic_constructive': np.float64(0.9358305399498694), 'bullying_explanation': 'Posible bullying detectado', 'concern_explanation': 'Preocupación detectada', 'academic_explanation': 'Conversación constructiva'}",21,0.4639154336482274,0.8631417672755606,0.9358305399498694,14,3,6,False,False
2025-06-22 06:23:24.837000+00:00,student_10,tutor_1,Mensaje de ejemplo 54,"{'bullying': np.float64(0.47906138014681987), 'concern': np.float64(0.1265714631595738), 'academic_constructive': np.float64(0.029864013282146273), 'bullying_explanation': 'Posible bullying detectado', 'concern_explanation': 'Sin preocupaciones detectadas', 'academic_explanation': 'Conversación poco constructiva'}",21,0.47906138014681987,0.1265714631595738,0.029864013282146273,6,6,6,True,False
2025-06-21 23:05:44.572000+00:00,student_7,tutor_5,Mensaje de ejemplo 55,"{'bullying': np.float64(0.11138963000545854), 'concern': np.float64(0.7741445826390325), 'academic_constructive': np.float64(0.23191040393144302), 'bullying_explanation': 'Sin bullying detectado', 'concern_explanation': 'Preocupación detectada', 'academic_explanation': 'Conversación poco constructiva'}",21,0.11138963000545854,0.7741445826390325,0.23191040393144302,23,5,6,True,False
2025-06-23 03:49:10.201000+00:00,student_4,tutor_2,Mensaje de ejemplo 56,"{'bullying': np.float64(0.73676240735535), 'concern': np.float64(0.3688284121919616), 'academic_constructive': np.float64(0.9179375842080059), 'bullying_explanation': 'Bullying detectado', 'concern_explanation': 'Posible preocupación detectada', 'academic_explanation': 'Conversación constructiva'}",21,0.73676240735535,0.3688284121919616,0.9179375842080059,3,0,6,False,True
2025-06-21 04:21:19.978000+00:00,student_1,tutor_2,Mensaje de ejemplo 57,"{'bullying': np.float64(0.868068146915415), 'concern': np.float64(0.5323932158135021), 'academic_constructive': np.float64(0.274797428553717), 'bullying_explanation': 'Bullying detectado', 'concern_explanation': 'Posible preocupación detectada', 'academic_explanation': 'Conversación poco constructiva'}",21,0.868068146915415,0.5323932158135021,0.274797428553717,4,5,6,True,True
2025-06-21 16:32:14.286000+00:00,student_15,tutor_1,Mensaje de ejemplo 58,"{'bullying': np.float64(0.3390861194044109), 'concern': np.float64(0.2440197165192486), 'academic_constructive': np.float64(0.14402854216078664), 'bullying_explanation': 'Posible bullying detectado', 'concern_explanation': 'Sin preocupaciones detectadas', 'academic_explanation': 'Conversación poco constructiva'}",21,0.3390861194044109,0.2440197165192486,0.14402854216078664,16,5,6,True,False
2025-06-20 11:44:54.078000+00:00,student_17,tutor_4,Mensaje de ejemplo 59,"{'bullying': np.float64(0.14721176486587817), 'concern': np.float64(0.510195708729167), 'academic_constructive': np.float64(0.20308517760908906), 'bullying_explanation': 'Sin bullying detectado', 'concern_explanation': 'Posible preocupación detectada', 'academic_explanation': 'Conversación poco constructiva'}",21,0.14721176486587817,0.510195708729167,0.20308517760908906,11,4,6,False,False
2025-06-26 23:24:43.152000+00:00,student_17,tutor_2,Mensaje de ejemplo 60,"{'bullying': np.float64(0.11464821154710714), 'concern': np.float64(0.4976977614161977), 'academic_constructive': np.float64(0.47358508900463736), 'bullying_explanation': 'Sin bullying detectado', 'concern_explanation': 'Posible preocupación detectada', 'academic_explanation': 'Conversación medianamente constructiva'}",21,0.11464821154710714,0.4976977614161977,0.47358508900463736,23,3,6,False,False
2025-06-21 20:01:32.759000+00:00,student_2,tutor_3,Mensaje de ejemplo 61,"{'bullying': np.float64(0.2022229599951717), 'concern': np.float64(0.6395709351959792), 'academic_constructive': np.float64(0.9729936451275241), 'bullying_explanation': 'Sin bullying detectado', 'concern_explanation': 'Preocupación detectada', 'academic_explanation': 'Conversación constructiva'}",21,0.2022229599951717,0.6395709351959792,0.9729936451275241,20,5,6,True,False
2025-06-23 06:33:40.992000+00:00,student_9,tutor_3,Mensaje de ejemplo 62,"{'bullying': np.float64(0.3912575727431584), 'concern': np.float64(0.8280787000389113), 'academic_constructive': np.float64(0.8787341842068072), 'bullying_explanation': 'Posible bullying detectado', 'concern_explanation': 'Preocupación detectada', 'academic_explanation': 'Conversación constructiva'}",21,0.3912575727431584,0.8280787000389113,0.8787341842068072,6,0,6,False,False
2025-06-26 12:47:38.105000+00:00,student_20,tutor_2,Mensaje de ejemplo 63,"{'bullying': np.float64(0.6952326912484342), 'concern': np.float64(0.9980063878968214), 'academic_constructive': np.float64(0.26978694052896146), 'bullying_explanation': 'Bullying detectado', 'concern_explanation': 'Preocupación detectada', 'academic_explanation': 'Conversación poco constructiva'}",21,0.6952326912484342,0.9980063878968214,0.26978694052896146,12,3,6,False,True
2025-06-23 13:01:07.242000+00:00,student_8,tutor_3,Mensaje de ejemplo 64,"{'bullying': np.float64(0.6243311278156488), 'concern': np.float64(0.06451659908350083), 'academic_constructive': np.float64(0.7701805348184587), 'bullying_explanation': 'Bullying detectado', 'concern_explanation': 'Sin preocupaciones detectadas', 'academic_explanation': 'Conversación constructiva'}",21,0.6243311278156488,0.06451659908350083,0.7701805348184587,13,0,6,False,True
2025-06-21 13:28:45.994000+00:00,student_10,tutor_3,Mensaje de ejemplo 65,"{'bullying': np.float64(0.19142091864868438), 'concern': np.float64(0.14589686723882445), 'academic_constructive': np.float64(0.08661877904829673), 'bullying_explanation': 'Sin bullying detectado', 'concern_explanation': 'Sin preocupaciones detectadas', 'academic_explanation': 'Conversación poco constructiva'}",21,0.19142091864868438,0.14589686723882445,0.08661877904829673,13,5,6,True,False
2025-06-23 08:39:41.944000+00:00,student_7,tutor_4,Mensaje de ejemplo 66,"{'bullying': np.float64(0.2594908279118756), 'concern': np.float64(0.46971009646837125), 'academic_constructive': np.float64(0.5719594631602904), 'bullying_explanation': 'Sin bullying detectado', 'concern_explanation': 'Posible preocupación detectada', 'academic_explanation': 'Conversación medianamente constructiva'}",21,0.2594908279118756,0.46971009646837125,0.5719594631602904,8,0,6,False,False
2025-06-27 17:12:36.067000+00:00,student_16,tutor_5,Mensaje de ejemplo 67,"{'bullying': np.float64(0.9817208285909333), 'concern': np.float64(0.31286685912698886), 'academic_constructive': np.float64(0.8295777155885417), 'bullying_explanation': 'Bullying detectado', 'concern_explanation': 'Posible preocupación detectada', 'academic_explanation': 'Conversación constructiva'}",21,0.9817208285909333,0.31286685912698886,0.8295777155885417,17,4,6,False,True
2025-06-21 17:39:35.995000+00:00,student_16,tutor_5,Mensaje de ejemplo 68,"{'bullying': np.float64(0.719140967855996), 'concern': np.float64(0.5643879314393733), 'academic_constructive': np.float64(0.19284204096291924), 'bullying_explanation': 'Bullying detectado', 'concern_explanation': 'Posible preocupación detectada', 'academic_explanation': 'Conversación poco constructiva'}",21,0.719140967855996,0.5643879314393733,0.19284204096291924,17,5,6,True,True
2025-06-20 13:18:59.169000+00:00,student_17,tutor_4,Mensaje de ejemplo 69,"{'bullying': np.float64(0.7612790124888014), 'concern': np.float64(0.9054017766772937), 'academic_constructive': np.float64(0.5033512395418425), 'bullying_explanation': 'Bullying detectado', 'concern_explanation': 'Preocupación detectada', 'academic_explanation': 'Conversación medianamente constructiva'}",21,0.7612790124888014,0.9054017766772937,0.5033512395418425,13,4,6,False,True
2025-06-22 06:36:10.211000+00:00,student_8,tutor_1,Mensaje de ejemplo 70,"{'bullying': np.float64(0.6771219169155581), 'concern': np.float64(0.05090933231958228), 'academic_constructive': np.float64(0.22406364044897276), 'bullying_explanation': 'Bullying detectado', 'concern_explanation': 'Sin preocupaciones detectadas', 'academic_explanation': 'Conversación poco constructiva'}",21,0.6771219169155581,0.05090933231958228,0.22406364044897276,6,6,6,True,True
2025-06-22 07:33:09.607000+00:00,student_14,tutor_4,Mensaje de ejemplo 71,"{'bullying': np.float64(0.12098924743074457), 'concern': np.float64(0.7409023086161722), 'academic_constructive': np.float64(0.34468523504914694), 'bullying_explanation': 'Sin bullying detectado', 'concern_explanation': 'Preocupación detectada', 'academic_explanation': 'Conversación medianamente constructiva'}",21,0.12098924743074457,0.7409023086161722,0.34468523504914694,7,6,6,True,False
2025-06-24 10:13:31.803000+00:00,student_13,tutor_3,Mensaje de ejemplo 72,"{'bullying': np.float64(0.5406919505331388), 'concern': np.float64(0.9122952627064931), 'academic_constructive': np.float64(0.8255430806025454), 'bullying_explanation': 'Posible bullying detectado', 'concern_explanation': 'Preocupación detectada', 'academic_explanation': 'Conversación constructiva'}",21,0.5406919505331388,0.9122952627064931,0.8255430806025454,10,1,6,False,True
2025-06-20 10:29:32.278000+00:00,student_15,tutor_2,Mensaje de ejemplo 73,"{'bullying': np.float64(0.757969925012221), 'concern': np.float64(0.778953398790195), 'academic_constructive': np.float64(0.3685190863070599), 'bullying_explanation': 'Bullying detectado', 'concern_explanation': 'Preocupación detectada', 'academic_explanation': 'Conversación medianamente constructiva'}",21,0.757969925012221,0.778953398790195,0.3685190863070599,10,4,6,False,True
2025-06-27 10:27:37.362000+00:00,student_3,tutor_5,Mensaje de ejemplo 74,"{'bullying': np.float64(0.20664721804902764), 'concern': np.float64(0.95693011926254), 'academic_constructive': np.float64(0.35842893724652836), 'bullying_explanation': 'Sin bullying detectado', 'concern_explanation': 'Preocupación detectada', 'academic_explanation': 'Conversación medianamente constructiva'}",21,0.20664721804902764,0.95693011926254,0.35842893724652836,10,4,6,False,False
2025-06-25 02:51:17.657000+00:00,student_1,tutor_4,Mensaje de ejemplo 75,"{'bullying': np.float64(0.8703715100147386), 'concern': np.float64(0.1859467842616569), 'academic_constructive': np.float64(0.0035182256823315106), 'bullying_explanation': 'Bullying detectado', 'concern_explanation': 'Sin preocupaciones detectadas', 'academic_explanation': 'Conversación poco constructiva'}",21,0.8703715100147386,0.1859467842616569,0.0035182256823315106,2,2,6,False,True
2025-06-26 06:23:23.568000+00:00,student_14,tutor_5,Mensaje de ejemplo 76,"{'bullying': np.float64(0.006905123312306527), 'concern': np.float64(0.8102887198143196), 'academic_constructive': np.float64(0.7484167313947516), 'bullying_explanation': 'Sin bullying detectado', 'concern_explanation': 'Preocupación detectada', 'academic_explanation': 'Conversación constructiva'}",21,0.006905123312306527,0.8102887198143196,0.7484167313947516,6,3,6,False,False
2025-06-25 02:38:17.877000+00:00,student_2,tutor_3,Mensaje de ejemplo 77,"{'bullying': np.float64(0.8262440911234995), 'concern': np.float64(0.522784359766335), 'academic_constructive': np.float64(0.8611495961048811), 'bullying_explanation': 'Bullying detectado', 'concern_explanation': 'Posible preocupación detectada', 'academic_explanation': 'Conversación constructiva'}",21,0.8262440911234995,0.522784359766335,0.8611495961048811,2,2,6,False,True
2025-06-26 14:13:57.333000+00:00,student_12,tutor_5,Mensaje de ejemplo 78,"{'bullying': np.float64(0.9077507320578915), 'concern': np.float64(0.5539625896067732), 'academic_constructive': np.float64(0.33222623485006575), 'bullying_explanation': 'Bullying detectado', 'concern_explanation': 'Posible preocupación detectada', 'academic_explanation': 'Conversación medianamente constructiva'}",21,0.9077507320578915,0.5539625896067732,0.33222623485006575,14,3,6,False,True
2025-06-21 19:05:52.379000+00:00,student_10,tutor_5,Mensaje de ejemplo 79,"{'bullying': np.float64(0.31362407186296626), 'concern': np.float64(0.6944549305000554), 'academic_constructive': np.float64(0.12327153818430037), 'bullying_explanation': 'Posible bullying detectado', 'concern_explanation': 'Preocupación detectada', 'academic_explanation': 'Conversación poco constructiva'}",21,0.31362407186296626,0.6944549305000554,0.12327153818430037,19,5,6,True,False
2025-06-26 02:12:02.131000+00:00,student_19,tutor_5,Mensaje de ejemplo 80,"{'bullying': np.float64(0.9384285451461536), 'concern': np.float64(0.7823571215547389), 'academic_constructive': np.float64(0.5481795266673698), 'bullying_explanation': 'Bullying detectado', 'concern_explanation': 'Preocupación detectada', 'academic_explanation': 'Conversación medianamente constructiva'}",21,0.9384285451461536,0.7823571215547389,0.5481795266673698,2,3,6,False,True
2025-06-20 23:09:40.649000+00:00,student_4,tutor_2,Mensaje de ejemplo 81,"{'bullying': np.float64(0.9956084383934468), 'concern': np.float64(0.5690805975664035), 'academic_constructive': np.float64(0.8122500119625174), 'bullying_explanation': 'Bullying detectado', 'concern_explanation': 'Posible preocupación detectada', 'academic_explanation': 'Conversación constructiva'}",21,0.9956084383934468,0.5690805975664035,0.8122500119625174,23,4,6,False,True
2025-06-20 00:43:55.557000+00:00,student_3,tutor_5,Mensaje de ejemplo 82,"{'bullying': np.float64(0.106034032892243), 'concern': np.float64(0.9102597808928619), 'academic_constructive': np.float64(0.16992699027461278), 'bullying_explanation': 'Sin bullying detectado', 'concern_explanation': 'Preocupación detectada', 'academic_explanation': 'Conversación poco constructiva'}",21,0.106034032892243,0.9102597808928619,0.16992699027461278,0,4,6,False,False
2025-06-23 18:18:16.476000+00:00,student_20,tutor_1,Mensaje de ejemplo 83,"{'bullying': np.float64(0.44162591747663305), 'concern': np.float64(0.3438662654068386), 'academic_constructive': np.float64(0.2095246072379472), 'bullying_explanation': 'Posible bullying detectado', 'concern_explanation': 'Posible preocupación detectada', 'academic_explanation': 'Conversación poco constructiva'}",21,0.44162591747663305,0.3438662654068386,0.2095246072379472,18,0,6,False,False
2025-06-20 05:52:54.678000+00:00,student_5,tutor_1,Mensaje de ejemplo 84,"{'bullying': np.float64(0.5154389150960775), 'concern': np.float64(0.21986284419883084), 'academic_constructive': np.float64(0.47589469645543214), 'bullying_explanation': 'Posible bullying detectado', 'concern_explanation': 'Sin preocupaciones detectadas', 'academic_explanation': 'Conversación medianamente constructiva'}",21,0.5154389150960775,0.21986284419883084,0.47589469645543214,5,4,6,False,True
2025-06-20 07:22:59.277000+00:00,student_9,tutor_4,Mensaje de ejemplo 85,"{'bullying': np.float64(0.8986334936697556), 'concern': np.float64(0.8031034592530749), 'academic_constructive': np.float64(0.8509728000173873), 'bullying_explanation': 'Bullying detectado', 'concern_explanation': 'Preocupación detectada', 'academic_explanation': 'Conversación constructiva'}",21,0.8986334936697556,0.8031034592530749,0.8509728000173873,7,4,6,False,True
2025-06-21 00:12:20.658000+00:00,student_10,tutor_2,Mensaje de ejemplo 86,"{'bullying': np.float64(0.028756891569106102), 'concern': np.float64(0.11666577666791167), 'academic_constructive': np.float64(0.8904249599234499), 'bullying_explanation': 'Sin bullying detectado', 'concern_explanation': 'Sin preocupaciones detectadas', 'academic_explanation': 'Conversación constructiva'}",21,0.028756891569106102,0.11666577666791167,0.8904249599234499,0,5,6,True,False
2025-06-23 07:17:45.876000+00:00,student_18,tutor_4,Mensaje de ejemplo 87,"{'bullying': np.float64(0.4271731223049501), 'concern': np.float64(0.3373012214676937), 'academic_constructive': np.float64(0.5573098232454422), 'bullying_explanation': 'Posible bullying detectado', 'concern_explanation': 'Posible preocupación detectada', 'academic_explanation': 'Conversación medianamente constructiva'}",21,0.4271731223049501,0.3373012214676937,0.5573098232454422,7,0,6,False,False
2025-06-24 20:24:04.032000+00:00,student_10,tutor_1,Mensaje de ejemplo 88,"{'bullying': np.float64(0.410889451110527), 'concern': np.float64(0.15438047535360844), 'academic_constructive': np.float64(0.05926747004663524), 'bullying_explanation': 'Posible bullying detectado', 'concern_explanation': 'Sin preocupaciones detectadas', 'academic_explanation': 'Conversación poco constructiva'}",21,0.410889451110527,0.15438047535360844,0.05926747004663524,20,1,6,False,False
2025-06-23 01:59:18.175000+00:00,student_18,tutor_4,Mensaje de ejemplo 89,"{'bullying': np.float64(0.9858669878243598), 'concern': np.float64(0.6174898732760741), 'academic_constructive': np.float64(0.19180313570281426), 'bullying_explanation': 'Bullying detectado', 'concern_explanation': 'Preocupación detectada', 'academic_explanation': 'Conversación poco constructiva'}",21,0.9858669878243598,0.6174898732760741,0.19180313570281426,1,0,6,False,True
2025-06-25 04:46:35.651000+00:00,student_13,tutor_5,Mensaje de ejemplo 90,"{'bullying': np.float64(0.1347911134524159), 'concern': np.float64(0.5128348237225077), 'academic_constructive': np.float64(0.8769087099722144), 'bullying_explanation': 'Sin bullying detectado', 'concern_explanation': 'Posible preocupación detectada', 'academic_explanation': 'Conversación constructiva'}",21,0.1347911134524159,0.5128348237225077,0.8769087099722144,4,2,6,False,False
2025-06-20 18:30:11.255000+00:00,student_4,tutor_2,Mensaje de ejemplo 91,"{'bullying': np.float64(0.49739768503346005), 'concern': np.float64(0.970960047160785), 'academic_constructive': np.float64(0.972977441083814), 'bullying_explanation': 'Posible bullying detectado', 'concern_explanation': 'Preocupación detectada', 'academic_explanation': 'Conversación constructiva'}",21,0.49739768503346005,0.970960047160785,0.972977441083814,18,4,6,False,False
2025-06-27 17:24:20.679000+00:00,student_15,tutor_4,Mensaje de ejemplo 92,"{'bullying': np.float64(0.0701283263170096), 'concern': np.float64(0.09263975698804872), 'academic_constructive': np.float64(0.44604845737427334), 'bullying_explanation': 'Sin bullying detectado', 'concern_explanation': 'Sin preocupaciones detectadas', 'academic_explanation': 'Conversación medianamente constructiva'}",21,0.0701283263170096,0.09263975698804872,0.44604845737427334,17,4,6,False,False
2025-06-25 15:14:50.697000+00:00,student_11,tutor_5,Mensaje de ejemplo 93,"{'bullying': np.float64(0.4057062355598152), 'concern': np.float64(0.08642060673988095), 'academic_constructive': np.float64(0.9102242503888781), 'bullying_explanation': 'Posible bullying detectado', 'concern_explanation': 'Sin preocupaciones detectadas', 'academic_explanation': 'Conversación constructiva'}",21,0.4057062355598152,0.08642060673988095,0.9102242503888781,15,2,6,False,False
2025-06-22 01:55:31.021000+00:00,student_8,tutor_4,Mensaje de ejemplo 94,"{'bullying': np.float64(0.6200377457674062), 'concern': np.float64(0.7725695735536768), 'academic_constructive': np.float64(0.2287380085180991), 'bullying_explanation': 'Bullying detectado', 'concern_explanation': 'Preocupación detectada', 'academic_explanation': 'Conversación poco constructiva'}",21,0.6200377457674062,0.7725695735536768,0.2287380085180991,1,6,6,True,True
2025-06-21 07:13:55.584000+00:00,student_14,tutor_3,Mensaje de ejemplo 95,"{'bullying': np.float64(0.05764940191343959), 'concern': np.float64(0.8863903541475681), 'academic_constructive': np.float64(0.7951064965597577), 'bullying_explanation': 'Sin bullying detectado', 'concern_explanation': 'Preocupación detectada', 'academic_explanation': 'Conversación constructiva'}",21,0.05764940191343959,0.8863903541475681,0.7951064965597577,7,5,6,True,False
2025-06-27 18:42:07.351000+00:00,student_10,tutor_3,Mensaje de ejemplo 96,"{'bullying': np.float64(0.9117973806309597), 'concern': np.float64(0.597338272065813), 'academic_constructive': np.float64(0.8598330453627261), 'bullying_explanation': 'Bullying detectado', 'concern_explanation': 'Posible preocupación detectada', 'academic_explanation': 'Conversación constructiva'}",21,0.9117973806309597,0.597338272065813,0.8598330453627261,18,4,6,False,True
2025-06-23 09:56:15.546000+00:00,student_7,tutor_1,Mensaje de ejemplo 97,"{'bullying': np.float64(0.5727300115150626), 'concern': np.float64(0.8645334957737301), 'academic_constructive': np.float64(0.5463169637479037), 'bullying_explanation': 'Posible bullying detectado', 'concern_explanation': 'Preocupación detectada', 'academic_explanation': 'Conversación medianamente constructiva'}",21,0.5727300115150626,0.8645334957737301,0.5463169637479037,9,0,6,False,True
2025-06-20 16:51:59.811000+00:00,student_13,tutor_5,Mensaje de ejemplo 98,"{'bullying': np.float64(0.7547846554047862), 'concern': np.float64(0.007676750357380802), 'academic_constructive': np.float64(0.0535403193342634), 'bullying_explanation': 'Bullying detectado', 'concern_explanation': 'Sin preocupaciones detectadas', 'academic_explanation': 'Conversación poco constructiva'}",21,0.7547846554047862,0.007676750357380802,0.0535403193342634,16,4,6,False,True
2025-06-21 16:14:20.331000+00:00,student_7,tutor_1,Mensaje de ejemplo 99,"{'bullying': np.float64(0.9066711063104064), 'concern': np.float64(0.914852672664731), 'academic_constructive': np.float64(0.8788061218888528), 'bullying_explanation': 'Bullying detectado', 'concern_explanation': 'Preocupación detectada', 'academic_explanation': 'Conversación constructiva'}",21,0.9066711063104064,0.914852672664731,0.8788061218888528,16,5,6,True,True
